{
  "files": [
    {
      "filepath": "/Users/markoboger/workspace/tritongraph/editor/src/graph/edgeVisualState.bench.ts",
      "groups": [
        {
          "fullName": "src/graph/edgeVisualState.bench.ts > syncEdgeVisualState — nothing changed (hover = none)",
          "benchmarks": [
            {
              "id": "1423941539_0_0",
              "name": "baseline  100 edges, no change",
              "rank": 4,
              "rme": 0.3215808740477092,
              "samples": [],
              "totalTime": 500.0071709999844,
              "min": 0.008207999999967797,
              "max": 0.22087499999997817,
              "hz": 98378.58905427885,
              "period": 0.0101648133970316,
              "mean": 0.0101648133970316,
              "variance": 0.00001368182159653956,
              "sd": 0.003698894645233838,
              "sem": 0.00001667759988137391,
              "df": 49189,
              "critical": 1.96,
              "moe": 0.00003268809576749286,
              "p75": 0.010167000000024018,
              "p99": 0.014583000000016,
              "p995": 0.018958999999995285,
              "p999": 0.046749999999974534,
              "sampleCount": 49190,
              "median": 0.00987499999996544
            },
            {
              "id": "1423941539_0_1",
              "name": "fixed     100 edges, no change",
              "rank": 1,
              "rme": 0.24907661494177097,
              "samples": [],
              "totalTime": 500.00050900005954,
              "min": 0.0004999999998744897,
              "max": 0.21391700000003766,
              "hz": 1582638.3888739315,
              "period": 0.0006318562768539397,
              "mean": 0.0006318562768539397,
              "variance": 5.102024238887743e-7,
              "sd": 0.0007142845538640565,
              "sem": 8.029623600433153e-7,
              "df": 791319,
              "critical": 1.96,
              "moe": 0.0000015738062256848978,
              "p75": 0.0006250000001273293,
              "p99": 0.0007500000001527951,
              "p995": 0.0009169999998448475,
              "p999": 0.0012910000000374566,
              "sampleCount": 791320,
              "median": 0.0006249999998999556
            },
            {
              "id": "1423941539_0_2",
              "name": "baseline  300 edges, no change",
              "rank": 5,
              "rme": 0.3233124202052177,
              "samples": [],
              "totalTime": 500.0222780000249,
              "min": 0.02608399999962785,
              "max": 0.30533399999967514,
              "hz": 31896.57881603268,
              "period": 0.0313513247225547,
              "mean": 0.0313513247225547,
              "variance": 0.00004265577972493559,
              "sd": 0.006531139236376422,
              "sem": 0.00005171567690147366,
              "df": 15948,
              "critical": 1.96,
              "moe": 0.00010136272672688837,
              "p75": 0.03216699999984485,
              "p99": 0.03625000000010914,
              "p995": 0.04166599999962273,
              "p999": 0.11650000000008731,
              "sampleCount": 15949,
              "median": 0.031042000000070402
            },
            {
              "id": "1423941539_0_3",
              "name": "fixed     300 edges, no change",
              "rank": 2,
              "rme": 0.2594487229548779,
              "samples": [],
              "totalTime": 500.0004859999153,
              "min": 0.0017909999996845727,
              "max": 0.3048749999998108,
              "hz": 491733.52203509986,
              "period": 0.0020336217792542933,
              "mean": 0.0020336217792542933,
              "variance": 0.0000017816875401260262,
              "sd": 0.0013347986889887277,
              "sem": 0.0000026919417020446584,
              "df": 245866,
              "critical": 1.96,
              "moe": 0.00000527620573600753,
              "p75": 0.0020829999998568383,
              "p99": 0.002415999999811902,
              "p995": 0.0025420000001759036,
              "p999": 0.0038340000000971486,
              "sampleCount": 245867,
              "median": 0.0020000000004074536
            },
            {
              "id": "1423941539_0_4",
              "name": "baseline  600 edges, no change",
              "rank": 6,
              "rme": 0.30270572283720243,
              "samples": [],
              "totalTime": 500.03444400002536,
              "min": 0.0623329999998532,
              "max": 0.35979200000019773,
              "hz": 15340.943193104535,
              "period": 0.06518504028158328,
              "mean": 0.06518504028158328,
              "variance": 0.00007774580769758387,
              "sd": 0.008817358317409124,
              "sem": 0.00010067288130922872,
              "df": 7670,
              "critical": 1.96,
              "moe": 0.00019731884736608828,
              "p75": 0.06541699999979755,
              "p99": 0.08237499999995634,
              "p995": 0.09108299999979863,
              "p999": 0.2515410000000884,
              "sampleCount": 7671,
              "median": 0.06379199999992125
            },
            {
              "id": "1423941539_0_5",
              "name": "fixed     600 edges, no change",
              "rank": 3,
              "rme": 2.2176588745180794,
              "samples": [],
              "totalTime": 500.0014809999698,
              "min": 0.004874999999628926,
              "max": 4.164249999999811,
              "hz": 177357.47466717075,
              "period": 0.005638330168359699,
              "mean": 0.005638330168359699,
              "variance": 0.0003609101841477393,
              "sd": 0.0189976362779094,
              "sem": 0.00006379537211900971,
              "df": 88678,
              "critical": 1.96,
              "moe": 0.00012503892935325904,
              "p75": 0.005250000000160071,
              "p99": 0.00829199999998309,
              "p995": 0.017374999999447027,
              "p999": 0.030625000000327418,
              "sampleCount": 88679,
              "median": 0.005165999999917403
            }
          ]
        },
        {
          "fullName": "src/graph/edgeVisualState.bench.ts > syncEdgeVisualState — 2 edges change (node hover)",
          "benchmarks": [
            {
              "id": "1423941539_1_0",
              "name": "baseline  100 edges, 2 change",
              "rank": 3,
              "rme": 0.3534801707497666,
              "samples": [],
              "totalTime": 500.00887500006775,
              "min": 0.008915999999771884,
              "max": 0.29041700000016135,
              "hz": 104214.15019881984,
              "period": 0.009595625911569582,
              "mean": 0.009595625911569582,
              "variance": 0.00001560518749418431,
              "sd": 0.00395034017448932,
              "sem": 0.00001730542594730868,
              "df": 52107,
              "critical": 1.96,
              "moe": 0.00003391863485672501,
              "p75": 0.009624999999687134,
              "p99": 0.011207999999896856,
              "p995": 0.011833000000478933,
              "p999": 0.02862500000082946,
              "sampleCount": 52108,
              "median": 0.009167000000161352
            },
            {
              "id": "1423941539_1_1",
              "name": "fixed     100 edges, 2 change",
              "rank": 1,
              "rme": 0.4002018059745361,
              "samples": [],
              "totalTime": 500.0007529997911,
              "min": 0.0012499999993451638,
              "max": 0.17325000000073487,
              "hz": 718596.917793342,
              "period": 0.0013916007364334192,
              "mean": 0.0013916007364334192,
              "variance": 0.0000029008899525701794,
              "sd": 0.001703199915620647,
              "sem": 0.0000028414343261028,
              "df": 359298,
              "critical": 1.96,
              "moe": 0.000005569211279161488,