{
  "files": [
    {
      "filepath": "/Users/markoboger/workspace/tritongraph/editor/src/graph/edgeVisualState.bench.ts",
      "groups": [
        {
          "fullName": "src/graph/edgeVisualState.bench.ts > syncEdgeVisualState — nothing changed (hover = none)",
          "benchmarks": [
            {
              "id": "1423941539_0_0",
              "name": "baseline  100 edges, no change",
              "rank": 4,
              "rme": 0.780366478440705,
              "samples": [],
              "totalTime": 500.006964999993,
              "min": 0.008207999999967797,
              "max": 1.3485419999999522,
              "hz": 94810.67928723886,
              "period": 0.01054733504197766,
              "mean": 0.01054733504197766,
              "variance": 0.00008359953544781151,
              "sd": 0.009143278156537265,
              "sem": 0.000041993809712460976,
              "df": 47405,
              "critical": 1.96,
              "moe": 0.00008230786703642352,
              "p75": 0.010500000000092768,
              "p99": 0.016583000000082393,
              "p995": 0.023291999999969448,
              "p999": 0.05116699999996399,
              "sampleCount": 47406,
              "median": 0.010124999999788997
            },
            {
              "id": "1423941539_0_1",
              "name": "fixed     100 edges, no change",
              "rank": 1,
              "rme": 0.26039688730212507,
              "samples": [],
              "totalTime": 500.0002130001544,
              "min": 0.0004999999998744897,
              "max": 0.28274999999985084,
              "hz": 1574549.3292414995,
              "period": 0.0006351023632150829,
              "mean": 0.0006351023632150829,
              "variance": 5.604970774248718e-7,
              "sd": 0.0007486635275107715,
              "sem": 8.437687678542412e-7,
              "df": 787274,
              "critical": 1.96,
              "moe": 0.0000016537867849943126,
              "p75": 0.0006250000001273293,
              "p99": 0.0007500000001527951,
              "p995": 0.0009580000000823929,
              "p999": 0.0013329999999314168,
              "sampleCount": 787275,
              "median": 0.0006249999998999556
            },
            {
              "id": "1423941539_0_2",
              "name": "baseline  300 edges, no change",
              "rank": 5,
              "rme": 3.2096970466368204,
              "samples": [],
              "totalTime": 500.00617099999045,
              "min": 0.02616699999998673,
              "max": 8.032124999999724,
              "hz": 30833.61945146932,
              "period": 0.03243213147823769,
              "mean": 0.03243213147823769,
              "variance": 0.004348773602710429,
              "sd": 0.065945231842116,
              "sem": 0.0005311087582746763,
              "df": 15416,
              "critical": 1.96,
              "moe": 0.0010409731662183656,
              "p75": 0.0314579999999296,
              "p99": 0.041582999999718595,
              "p995": 0.08037500000000364,
              "p999": 0.22949999999991633,
              "sampleCount": 15417,
              "median": 0.03099999999994907
            },
            {
              "id": "1423941539_0_3",
              "name": "fixed     300 edges, no change",
              "rank": 2,
              "rme": 0.2346788849789516,
              "samples": [],
              "totalTime": 500.0001639999168,
              "min": 0.0017499999999017746,
              "max": 0.21237500000006548,
              "hz": 510465.8325672918,
              "period": 0.001958994973220222,
              "mean": 0.001958994973220222,
              "variance": 0.0000014042335916131308,
              "sd": 0.0011850036251476747,
              "sem": 0.000002345585489768841,
              "df": 255232,
              "critical": 1.96,
              "moe": 0.000004597347559946928,
              "p75": 0.0019999999999527063,
              "p99": 0.00233299999990777,
              "p995": 0.0024170000001504377,
              "p999": 0.00454200000012861,
              "sampleCount": 255233,
              "median": 0.0019170000000485743
            },
            {
              "id": "1423941539_0_4",
              "name": "baseline  600 edges, no change",
              "rank": 6,
              "rme": 0.29299847475979157,
              "samples": [],
              "totalTime": 500.03584600002387,
              "min": 0.06375000000025466,
              "max": 0.31545900000037363,
              "hz": 15166.912653697309,
              "period": 0.0659329965717331,
              "mean": 0.0659329965717331,
              "variance": 0.00007367540458710855,
              "sd": 0.00858343780702747,
              "sem": 0.0000985625889380631,
              "df": 7583,
              "critical": 1.96,
              "moe": 0.00019318267431860366,
              "p75": 0.06533300000000963,
              "p99": 0.07716600000003382,
              "p995": 0.09391600000026301,
              "p999": 0.23962500000016007,
              "sampleCount": 7584,
              "median": 0.06500000000005457
            },
            {
              "id": "1423941539_0_5",
              "name": "fixed     600 edges, no change",
              "rank": 3,
              "rme": 0.21406872292219584,
              "samples": [],
              "totalTime": 500.00191100011125,
              "min": 0.00504099999943719,
              "max": 0.23266699999931006,
              "hz": 181979.3044750578,
              "period": 0.005495130354985287,
              "mean": 0.005495130354985287,
              "variance": 0.0000032775094837930293,
              "sd": 0.0018103893182940041,
              "sem": 0.000006001711925421903,
              "df": 90989,
              "critical": 1.96,
              "moe": 0.000011763355373826931,
              "p75": 0.005375000000640284,
              "p99": 0.007999999999810825,
              "p995": 0.008166000000528584,
              "p999": 0.011459000000286323,
              "sampleCount": 90990,
              "median": 0.005291999999826658
            }
          ]
        },
        {
          "fullName": "src/graph/edgeVisualState.bench.ts > syncEdgeVisualState — 2 edges change (node hover)",
          "benchmarks": [
            {
              "id": "1423941539_1_0",
              "name": "baseline  100 edges, 2 change",
              "rank": 3,
              "rme": 0.3674478859222955,
              "samples": [],
              "totalTime": 500.0027179999952,
              "min": 0.00895799999943847,
              "max": 0.2820419999998194,
              "hz": 103103.43952970371,
              "period": 0.00969899747827427,
              "mean": 0.00969899747827427,
              "variance": 0.000017044276658846804,
              "sd": 0.004128471467607207,
              "sem": 0.000018183041423252837,
              "df": 51551,
              "critical": 1.96,
              "moe": 0.00003563876118957556,
              "p75": 0.00970800000050076,
              "p99": 0.011583999999857042,
              "p995": 0.013707999999496678,
              "p999": 0.037083000000166066,
              "sampleCount": 51552,
              "median": 0.009249999999155989
            },
            {
              "id": "1423941539_1_1",
              "name": "fixed     100 edges, 2 change",
              "rank": 1,
              "rme": 0.45127460434797073,
              "samples": [],
              "totalTime": 500.00089299983665,
              "min": 0.0012499999993451638,
              "max": 0.20737499999995634,
              "hz": 688632.7701020975,
              "period": 0.0014521527923391428,
              "mean": 0.0014521527923391428,
              "variance": 0.0000038490427953007495,
              "sd": 0.0019618977535286464,
              "sem": 0.0000033434677388553452,
              "df": 344316,
              "critical": 1.96,
              "moe": 0.000006553196768156476,