{
  "files": [
    {
      "filepath": "/Users/markoboger/workspace/tritongraph/editor/src/graph/layoutDependencyLayers.bench.ts",
      "groups": [
        {
          "fullName": "src/graph/layoutDependencyLayers.bench.ts > layoutDepthInViewport — flat",
          "benchmarks": [
            {
              "id": "-1649785176_0_0",
              "name": "flat 30 modules",
              "rank": 1,
              "rme": 0.4377812403697134,
              "samples": [],
              "totalTime": 500.0125490000047,
              "min": 0.04104200000006131,
              "max": 0.3532920000000104,
              "hz": 21949.44911272596,
              "period": 0.04555922997722139,
              "mean": 0.04555922997722139,
              "variance": 0.00011364738088733333,
              "sd": 0.01066055256013183,
              "sem": 0.00010176008270263779,
              "df": 10974,
              "critical": 1.96,
              "moe": 0.00019944976209717007,
              "p75": 0.04491700000005494,
              "p99": 0.06820900000002439,
              "p995": 0.08941700000002584,
              "p999": 0.2087500000000091,
              "sampleCount": 10975,
              "median": 0.043000000000006366
            },
            {
              "id": "-1649785176_0_1",
              "name": "flat 60 modules",
              "rank": 2,
              "rme": 0.4427000107478042,
              "samples": [],
              "totalTime": 500.0202059999899,
              "min": 0.10137500000018917,
              "max": 0.3712909999999283,
              "hz": 8987.636791622157,
              "period": 0.1112639532710258,
              "mean": 0.1112639532710258,
              "variance": 0.0002838239001763509,
              "sd": 0.01684707393514823,
              "sem": 0.0002513089454537056,
              "df": 4493,
              "critical": 1.96,
              "moe": 0.000492565533089263,
              "p75": 0.10991699999999582,
              "p99": 0.1619590000000244,
              "p995": 0.20800000000008367,
              "p999": 0.3480000000001837,
              "sampleCount": 4494,
              "median": 0.10666700000001583
            },
            {
              "id": "-1649785176_0_2",
              "name": "flat 100 modules",
              "rank": 3,
              "rme": 2.283948580922456,
              "samples": [],
              "totalTime": 500.0819250000161,
              "min": 0.2100829999999405,
              "max": 4.077041000000008,
              "hz": 4355.286386325461,
              "period": 0.22960602617080628,
              "mean": 0.22960602617080628,
              "variance": 0.015591393832902692,
              "sd": 0.12486550297381055,
              "sem": 0.002675552845122741,
              "df": 2177,
              "critical": 1.96,
              "moe": 0.0052440835764405724,
              "p75": 0.22195800000008603,
              "p99": 0.47708299999999326,
              "p995": 0.859916000000112,
              "p999": 1.9202080000000024,
              "sampleCount": 2178,
              "median": 0.21370900000010806
            }
          ]
        },
        {
          "fullName": "src/graph/layoutDependencyLayers.bench.ts > layoutDepthInViewport — nested groups",
          "benchmarks": [
            {
              "id": "-1649785176_1_0",
              "name": "nested 4 groups × 15 leaves (64 nodes)",
              "rank": 1,
              "rme": 3.3182382230120018,
              "samples": [],
              "totalTime": 500.091417000001,
              "min": 0.13850000000002183,
              "max": 7.699750000000222,
              "hz": 6018.899540521396,
              "period": 0.16614332790697708,
              "mean": 0.16614332790697708,
              "variance": 0.023814161075880195,
              "sd": 0.1543183756909079,
              "sem": 0.0028127711283640203,
              "df": 3009,
              "critical": 1.96,
              "moe": 0.00551303141159348,
              "p75": 0.1730840000000171,
              "p99": 0.284291999999823,
              "p995": 0.3659160000001975,
              "p999": 0.9629170000002887,
              "sampleCount": 3010,
              "median": 0.1612079999999878
            },
            {
              "id": "-1649785176_1_1",
              "name": "nested 6 groups × 20 leaves (126 nodes)",
              "rank": 2,
              "rme": 4.483215397163663,
              "samples": [],
              "totalTime": 500.202023000003,
              "min": 0.32820799999990413,
              "max": 10.652000000000044,
              "hz": 2818.861050467986,
              "period": 0.35475320780142056,
              "mean": 0.35475320780142056,
              "variance": 0.09284079327612624,
              "sd": 0.304697872122741,
              "sem": 0.008114464507186375,
              "df": 1409,
              "critical": 1.96,
              "moe": 0.015904350434085293,
              "p75": 0.3409580000002279,
              "p99": 0.5345829999996567,
              "p995": 0.6393750000002001,
              "p999": 4.875833000000057,
              "sampleCount": 1410,
              "median": 0.33520900000007714
            },
            {
              "id": "-1649785176_1_2",
              "name": "nested 8 groups × 30 leaves (248 nodes)",
              "rank": 3,
              "rme": 0.5973884278675573,
              "samples": [],
              "totalTime": 500.1552110000048,
              "min": 0.8192080000003443,
              "max": 1.9169999999999163,
              "hz": 1175.6350570143202,
              "period": 0.8506041003401442,
              "mean": 0.8506041003401442,
              "variance": 0.003952152901129236,
              "sd": 0.06286615067847909,
              "sem": 0.00259255635836682,
              "df": 587,
              "critical": 1.96,
              "moe": 0.005081410462398967,
              "p75": 0.8479580000002898,
              "p99": 1.0331669999995938,
              "p995": 1.122124999999869,
              "p999": 1.9169999999999163,
              "sampleCount": 588,
              "median": 0.8342084999999315
            }
          ]
        }
      ]
    }
  ]
}