{
  "files": [
    {
      "filepath": "/Users/markoboger/workspace/tritongraph/editor/src/graph/edgeVisualState.bench.ts",
      "groups": [
        {
          "fullName": "src/graph/edgeVisualState.bench.ts > syncEdgeVisualState — nothing changed (hover = none)",
          "benchmarks": [
            {
              "id": "1423941539_0_0",
              "name": "baseline  100 edges, no change",
              "rank": 4,
              "rme": 0.5012572409995,
              "samples": [],
              "totalTime": 500.001392000014,
              "min": 0.008207999999967797,
              "max": 0.6137919999999895,
              "hz": 94881.73584924474,
              "period": 0.010539436183891866,
              "mean": 0.010539436183891866,
              "variance": 0.000034466546345929826,
              "sd": 0.005870821607401286,
              "sem": 0.000026953921955244568,
              "df": 47440,
              "critical": 1.96,
              "moe": 0.00005282968703227935,
              "p75": 0.010416999999961263,
              "p99": 0.019709000000034393,
              "p995": 0.029999999999972715,
              "p999": 0.06383400000004258,
              "sampleCount": 47441,
              "median": 0.009917000000086773
            },
            {
              "id": "1423941539_0_1",
              "name": "fixed     100 edges, no change",
              "rank": 1,
              "rme": 8.1977779105333,
              "samples": [],
              "totalTime": 500.00015900008384,
              "min": 0.0004999999998744897,
              "max": 8.895332999999937,
              "hz": 1138589.6379283043,
              "period": 0.0008782795545368989,
              "mean": 0.0008782795545368989,
              "variance": 0.0007682155072751398,
              "sd": 0.02771670087285173,
              "sem": 0.00003673439148701846,
              "df": 569294,
              "critical": 1.96,
              "moe": 0.00007199940731455617,
              "p75": 0.0006250000001273293,
              "p99": 0.002124999999978172,
              "p995": 0.002167000000099506,
              "p999": 0.006624999999985448,
              "sampleCount": 569295,
              "median": 0.0006250000001273293
            },
            {
              "id": "1423941539_0_2",
              "name": "baseline  300 edges, no change",
              "rank": 5,
              "rme": 0.7696207864818316,
              "samples": [],
              "totalTime": 500.023619999994,
              "min": 0.026124999999865395,
              "max": 1.6420000000002801,
              "hz": 30780.545927010775,
              "period": 0.032488052758105,
              "mean": 0.032488052758105,
              "variance": 0.0002504699544633006,
              "sd": 0.01582624258828673,
              "sem": 0.00012756877915793882,
              "df": 15390,
              "critical": 1.96,
              "moe": 0.0002500348071495601,
              "p75": 0.03279100000008839,
              "p99": 0.05108299999983501,
              "p995": 0.07175000000006548,
              "p999": 0.20362500000010186,
              "sampleCount": 15391,
              "median": 0.03175000000010186
            },
            {
              "id": "1423941539_0_3",
              "name": "fixed     300 edges, no change",
              "rank": 2,
              "rme": 0.31435589941987485,
              "samples": [],
              "totalTime": 500.0059850000339,
              "min": 0.0018329999998059066,
              "max": 0.3550000000000182,
              "hz": 480224.2517156745,
              "period": 0.0020823604731067774,
              "mean": 0.0020823604731067774,
              "variance": 0.000002678318379926947,
              "sd": 0.0016365568673061583,
              "sem": 0.0000033398076502034546,
              "df": 240114,
              "critical": 1.96,
              "moe": 0.000006546022994398771,
              "p75": 0.002124999999978172,
              "p99": 0.002541000000292115,
              "p995": 0.0027500000001055014,
              "p999": 0.011500000000069122,
              "sampleCount": 240115,
              "median": 0.00204200000007404
            },
            {
              "id": "1423941539_0_4",
              "name": "baseline  600 edges, no change",
              "rank": 6,
              "rme": 1.6515664004333992,
              "samples": [],
              "totalTime": 500.0401940000229,
              "min": 0.060332999999900494,
              "max": 2.3043330000000424,
              "hz": 14862.805208814192,
              "period": 0.06728204978471783,
              "mean": 0.06728204978471783,
              "variance": 0.0023888235082006964,
              "sd": 0.048875592151918695,
              "sem": 0.000566942718248608,
              "df": 7431,
              "critical": 1.96,
              "moe": 0.0011112077277672717,
              "p75": 0.06395800000018426,
              "p99": 0.16762500000004366,
              "p995": 0.26433300000007875,
              "p999": 0.5882920000003651,
              "sampleCount": 7432,
              "median": 0.06208299999980227
            },
            {
              "id": "1423941539_0_5",
              "name": "fixed     600 edges, no change",
              "rank": 3,
              "rme": 3.9724808755108802,
              "samples": [],
              "totalTime": 500.0047250000125,
              "min": 0.004790999999386258,
              "max": 6.666791999999987,
              "hz": 173864.35698182217,
              "period": 0.00575161014804519,
              "mean": 0.00575161014804519,
              "variance": 0.0011813403476299428,
              "sd": 0.034370632051650474,
              "sem": 0.0001165722516148154,
              "df": 86932,
              "critical": 1.96,
              "moe": 0.0002284816131650382,
              "p75": 0.005208999999922526,
              "p99": 0.010916999999608379,
              "p995": 0.017458000000260654,
              "p999": 0.04420899999968242,
              "sampleCount": 86933,
              "median": 0.005042000000685221
            }
          ]
        },
        {
          "fullName": "src/graph/edgeVisualState.bench.ts > syncEdgeVisualState — 2 edges change (node hover)",
          "benchmarks": [
            {
              "id": "1423941539_1_0",
              "name": "baseline  100 edges, 2 change",
              "rank": 3,
              "rme": 0.4090856811517396,
              "samples": [],
              "totalTime": 500.0057159999842,
              "min": 0.00895799999943847,
              "max": 0.32920800000010786,
              "hz": 101304.8418830508,
              "period": 0.009871196493790776,
              "mean": 0.009871196493790776,
              "variance": 0.000021501124826204152,
              "sd": 0.0046369305392904205,
              "sem": 0.000020602883374719714,
              "df": 50652,
              "critical": 1.96,
              "moe": 0.00004038165141445064,
              "p75": 0.009834000000410015,
              "p99": 0.013417000000117696,
              "p995": 0.019666999999572,
              "p999": 0.056749999999738066,
              "sampleCount": 50653,
              "median": 0.009417000000212283
            },
            {
              "id": "1423941539_1_1",
              "name": "fixed     100 edges, 2 change",
              "rank": 1,
              "rme": 0.4852448208371488,
              "samples": [],
              "totalTime": 500.00094700007867,
              "min": 0.0012499999993451638,
              "max": 0.22149999999965075,
              "hz": 695746.6822556744,
              "period": 0.0014373047338981316,
              "mean": 0.0014373047338981316,
              "variance": 0.000004404832086268403,
              "sd": 0.0020987691836570318,
              "sem": 0.0000035583912147386976,
              "df": 347873,
              "critical": 1.96,
              "moe": 0.000006974446780887848,