{
  "files": [
    {
      "filepath": "/Users/markoboger/workspace/tritongraph/editor/src/graph/layoutDependencyLayers.bench.ts",
      "groups": [
        {
          "fullName": "src/graph/layoutDependencyLayers.bench.ts > layoutDepthInViewport — flat",
          "benchmarks": [
            {
              "id": "-1649785176_0_0",
              "name": "flat 30 modules",
              "rank": 1,
              "rme": 0.5907646222311703,
              "samples": [],
              "totalTime": 500.0094699999929,
              "min": 0.0420000000001437,
              "max": 1.0137500000000728,
              "hz": 21407.594540159713,
              "period": 0.04671239443198738,
              "mean": 0.04671239443198738,
              "variance": 0.00021219110581377989,
              "sd": 0.014566780900864126,
              "sem": 0.00014079607168431864,
              "df": 10703,
              "critical": 1.96,
              "moe": 0.0002759603005012645,
              "p75": 0.046291000000110216,
              "p99": 0.08116699999982302,
              "p995": 0.10929200000009587,
              "p999": 0.20624999999995453,
              "sampleCount": 10704,
              "median": 0.043042000000014013
            },
            {
              "id": "-1649785176_0_1",
              "name": "flat 60 modules",
              "rank": 2,
              "rme": 0.4157023082709855,
              "samples": [],
              "totalTime": 500.0565710000087,
              "min": 0.10579199999983757,
              "max": 0.34654199999999946,
              "hz": 8874.995865217663,
              "period": 0.11267610883280954,
              "mean": 0.11267610883280954,
              "variance": 0.0002534566605315194,
              "sd": 0.015920322249612893,
              "sem": 0.0002389781557591413,
              "df": 4437,
              "critical": 1.96,
              "moe": 0.00046839718528791696,
              "p75": 0.11062500000002728,
              "p99": 0.16095799999993687,
              "p995": 0.19129199999997581,
              "p999": 0.306583000000046,
              "sampleCount": 4438,
              "median": 0.10729200000014316
            },
            {
              "id": "-1649785176_0_2",
              "name": "flat 100 modules",
              "rank": 3,
              "rme": 0.284842669508838,
              "samples": [],
              "totalTime": 500.23311199999875,
              "min": 0.22633300000006784,
              "max": 0.4833330000001297,
              "hz": 4301.994307006221,
              "period": 0.232450330855018,
              "mean": 0.232450330855018,
              "variance": 0.00024558427561701654,
              "sd": 0.015671128728238323,
              "sem": 0.00033781516718855075,
              "df": 2151,
              "critical": 1.96,
              "moe": 0.0006621177276895595,
              "p75": 0.23250000000007276,
              "p99": 0.28608299999996234,
              "p995": 0.3882919999996375,
              "p999": 0.4142920000003869,
              "sampleCount": 2152,
              "median": 0.22841699999980847
            }
          ]
        },
        {
          "fullName": "src/graph/layoutDependencyLayers.bench.ts > layoutDepthInViewport — nested groups",
          "benchmarks": [
            {
              "id": "-1649785176_1_0",
              "name": "nested 4 groups × 15 leaves (64 nodes)",
              "rank": 1,
              "rme": 0.9971419586997302,
              "samples": [],
              "totalTime": 500.1234479999962,
              "min": 0.14191600000003746,
              "max": 2.077291999999943,
              "hz": 5918.5387364601675,
              "period": 0.16896062432432304,
              "mean": 0.16896062432432304,
              "variance": 0.0021870794612931467,
              "sd": 0.04676622137069818,
              "sem": 0.0008595802442953304,
              "df": 2959,
              "critical": 1.96,
              "moe": 0.0016847772788188475,
              "p75": 0.1882500000001528,
              "p99": 0.2665839999999662,
              "p995": 0.32766700000001947,
              "p999": 0.4486249999999927,
              "sampleCount": 2960,
              "median": 0.14908300000001873
            },
            {
              "id": "-1649785176_1_1",
              "name": "nested 6 groups × 20 leaves (126 nodes)",
              "rank": 2,
              "rme": 0.4098418842088638,
              "samples": [],
              "totalTime": 500.2091239999977,
              "min": 0.35533299999997325,
              "max": 0.7297499999999673,
              "hz": 2676.88040012642,
              "period": 0.37356917401045386,
              "mean": 0.37356917401045386,
              "variance": 0.0008170397341609131,
              "sd": 0.02858390690862453,
              "sem": 0.0007811443579530271,
              "df": 1338,
              "critical": 1.96,
              "moe": 0.001531042941587933,
              "p75": 0.3801669999998012,
              "p99": 0.5089160000002266,
              "p995": 0.588416000000052,
              "p999": 0.6487499999998363,
              "sampleCount": 1339,
              "median": 0.36437500000010914
            },
            {
              "id": "-1649785176_1_2",
              "name": "nested 8 groups × 30 leaves (248 nodes)",
              "rank": 3,
              "rme": 0.36959221736527303,
              "samples": [],
              "totalTime": 500.30938300000753,
              "min": 0.990458000000217,
              "max": 1.3592499999999745,
              "hz": 983.3915107684331,
              "period": 1.0168889898374136,
              "mean": 1.0168889898374136,
              "variance": 0.0018090296516518397,
              "sd": 0.042532689212555555,
              "sem": 0.0019175217171854201,
              "df": 491,
              "critical": 1.96,
              "moe": 0.0037583425656834233,
              "p75": 1.013542000000598,
              "p99": 1.2164999999999964,
              "p995": 1.286457999999584,
              "p999": 1.3592499999999745,
              "sampleCount": 492,
              "median": 1.0023540000001958
            }
          ]
        }
      ]
    }
  ]
}